Random, Average  of chlorophyll in the plant (ACHP), Plant height rate (PHR),Average wet weight of the growth vegetative (AWWGV),Average leaf area of the plant (ALAP),Average number of plant leaves (ANPL),Average root diameter (ARD), Average dry weight of the root (ADWR), Percentage of dry matter for vegetative growth (PDMVG),Average root length (ARL),Average wet weight of the root (AWWR), Average dry weight of vegetative plants (ADWV),Percentage of dry matter for root growth (PDMRG),Class
R1,34.53346786,54.56698291,1.147449016,1284.229549,4.99971308,16.27491791,1.706809831,18.39998155,19.73903737,2.949240289,0.209250924,57.63390559,SA
R1,34.48902831,54.56769212,1.149529798,1284.247744,5.024259155,16.26945189,1.700929666,18.3982885,19.75883572,2.943137388,0.216153879,57.63369711,SA
R2,33.10040473,67.06734371,1.104647206,1009.208996,5.007651978,15.98075994,1.185391485,19.39878878,20.84082189,2.861635025,0.200112889,41.28987495,SA
R1,34.49831859,54.55904852,1.13775887,1284.227623,4.991501282,16.27670962,1.716396008,18.41361347,19.73609793,2.946784109,0.223091642,57.64566137,SA
R3,36.29700834,45.58889401,1.363205473,981.4703102,4.003681876,16.97989363,0.777428412,31.42377191,17.33189388,2.766242103,0.42417173,27.89861851,SA
R3,36.28772173,45.59858469,1.353790073,981.4609934,3.998620867,16.99160277,0.760841705,31.40363916,17.32486064,2.745382248,0.435148375,27.92701718,SA
R1,34.49886945,54.55624677,1.165056074,1284.237645,4.992955067,16.26728226,1.692835163,18.41468753,19.71591608,2.947532059,0.218529734,57.62721914,SA
R2,33.10555789,67.07340617,1.0974441,1009.239638,4.991835243,15.96558786,1.189575572,19.40730665,20.8381774,2.84752611,0.216855269,41.30476216,SA
R2,33.09244759,67.06165906,1.103098424,1009.218887,4.995130894,15.96476098,1.182838212,19.38757287,20.82433484,2.857965394,0.209868908,41.31804856,SA
R1,34.48369493,54.57112728,1.178899447,1284.224034,4.982078082,16.27388393,1.702040343,18.41464326,19.74534713,2.968609117,0.201824211,57.63875624,SA
R1,34.48356336,54.56473774,1.140096667,1284.246212,4.993761516,16.26243328,1.703521104,18.39050404,19.71592744,2.961477775,0.225544556,57.64335126,SA
R2,33.08300201,67.05280607,1.114227422,1009.209977,5.012750773,15.95738233,1.1793881,19.39618909,20.85106376,2.855659956,0.220332257,41.30844477,SA
R1,34.50336976,54.56071779,1.167435254,1284.235962,4.994478615,16.26127654,1.72458681,18.39346261,19.73562463,2.965141612,0.207593233,57.64013063,SA
R2,33.10105355,67.08799953,1.103693495,1009.230921,5.011843296,15.96366903,1.185843467,19.40914713,20.84183489,2.853920759,0.215329172,41.29404585,SA
R1,34.50224305,54.5440368,1.157089042,1284.23495,5.013256392,16.27437973,1.700562249,18.40543176,19.72625379,2.963975356,0.221284877,57.6302513,SA
R1,34.5044092,54.54852141,1.154047116,1284.229316,5.004257073,16.27328559,1.69366457,18.3939336,19.72892588,2.964588176,0.199366202,57.63264503,SA
R1,34.50804424,54.56815102,1.147099202,1284.217533,4.998235816,16.29046184,1.715681824,18.3817472,19.74375834,2.966955872,0.207462299,57.62968659,SA
R1,34.50582555,54.56726156,1.15238527,1284.244246,5.002948917,16.27045926,1.721329532,18.38971813,19.71953613,2.968963277,0.23283143,57.64508576,SA
R2,33.08850722,67.06720295,1.112119675,1009.224849,4.990736748,15.94612423,1.171870923,19.40065741,20.85803091,2.825112014,0.221473726,41.2838358,SA
R3,36.29185865,45.60296886,1.347317339,981.474687,3.999853189,16.97802879,0.754220204,31.40024562,17.33635757,2.749837886,0.431552198,27.91400281,SA
R2,33.10548774,67.07172898,1.100176883,1009.23257,4.993348131,15.96421343,1.170766031,19.38013216,20.82975344,2.838759968,0.223157824,41.30695201,SA
R1,34.49683141,54.56653657,1.14122142,1284.226567,5.008371952,16.27870213,1.711673203,18.40653039,19.73726255,2.971258639,0.215905882,57.63746543,SA
R2,33.10478176,67.07358405,1.106632223,1009.214421,4.981912038,15.95369104,1.168164546,19.39031314,20.82575362,2.852804198,0.240041141,41.30236229,SA
R3,36.2885438,45.61495059,1.377183674,981.4747595,3.999142048,16.97988797,0.761828963,31.41849508,17.31854726,2.751580316,0.432851853,27.92687991,SA
R3,36.28654305,45.59107041,1.363137857,981.4629965,4.013441433,17.0074514,0.770576986,31.39258458,17.33894104,2.75905353,0.427024928,27.90968274,SA
R2,33.09785743,67.04904297,1.107027401,1009.218378,4.987690217,15.96827166,1.179831175,19.39506842,20.84131558,2.846414972,0.210838547,41.29862345,SA
R3,36.28068585,45.59604187,1.373471296,981.4636879,3.977461421,16.99545422,0.775575043,31.40412871,17.33151931,2.764996975,0.422974944,27.9046454,SA
R3,36.29271312,45.60009016,1.368080199,981.4507371,3.978731937,17.00285969,0.754578808,31.41264951,17.33983352,2.755013618,0.426930465,27.91929036,SA
R2,33.10516771,67.07163645,1.116048331,1009.218747,5.001805503,15.94669204,1.170506501,19.38531147,20.83626527,2.841195854,0.209804344,41.30520785,SA
R2,33.10049041,67.06928061,1.110247155,1009.215266,5.005288336,15.97373835,1.193370257,19.40576322,20.83602778,2.832240145,0.211550612,41.29010246,SA
R2,33.0994118,67.06761638,1.098101036,1009.22869,5.004330045,15.94291007,1.157975138,19.38861291,20.83728691,2.851024848,0.19369068,41.29420021,SA
R3,36.30063398,45.59294912,1.386626984,981.468247,3.992736912,16.99548296,0.781450059,31.39709676,17.33267313,2.778105793,0.433930097,27.92679707,SA
R2,33.10628588,67.06521602,1.096882423,1009.198107,5.014784166,15.96371572,1.18495965,19.39618902,20.8384379,2.847424821,0.223754206,41.29082521,SA
R3,36.30602855,45.59465812,1.37421186,981.4713795,3.985425062,16.99292926,0.797855211,31.39737209,17.33162404,2.755342256,0.424626462,27.92829981,SA
R2,33.09398015,67.06915753,1.116984952,1009.21409,4.980927959,15.9660902,1.168227916,19.36855154,20.83583747,2.856555783,0.222715626,41.27090527,SA
R2,33.10508132,67.06858802,1.083757087,1009.21034,4.980292202,15.96307021,1.166761682,19.39810289,20.83515689,2.84300964,0.224617149,41.29212038,SA
R2,33.11103921,67.07226725,1.120232786,1009.214829,4.982843051,15.96582366,1.15500264,19.39879017,20.81769573,2.857631686,0.210075442,41.3134705,SA
R2,33.10419715,67.07754644,1.113984753,1009.217404,4.997182697,15.95915724,1.178806057,19.41639823,20.83008248,2.839267181,0.211652401,41.27389847,SA
R2,33.10030532,67.07706197,1.099242556,1009.222685,4.984514708,15.97206722,1.182142504,19.42017081,20.85306878,2.841600345,0.211909724,41.30790723,SA
R3,36.29770032,45.60214697,1.376095318,981.4546106,3.995869583,16.9884205,0.761315764,31.39508058,17.34565972,2.763288921,0.441045871,27.92364318,SA
R3,36.30020671,45.59873911,1.368827484,981.4758895,3.991288153,16.99945019,0.781205479,31.40575464,17.32936645,2.76092089,0.437392673,27.9135505,SA
R1,34.51335489,54.56487122,1.153501437,1284.237726,5.00014038,16.2795662,1.70503836,18.38542149,19.73462647,2.944572251,0.220564368,57.64939113,SA
R2,33.11512568,67.06861998,1.111513763,1009.218923,4.995951448,15.96514109,1.20153783,19.4030242,20.83525561,2.847087127,0.226438744,41.30135794,SA
R1,34.52194076,54.56297867,1.149895488,1284.221232,4.998270161,16.27035708,1.697247432,18.39829929,19.72004689,2.965291817,0.203217735,57.63467977,SA
R1,34.49650477,54.5773079,1.158960241,1284.238101,4.992003782,16.28602832,1.698269891,18.41550756,19.73216399,2.959535653,0.205254625,57.62906394,SA
R1,34.48546336,54.55176641,1.134150816,1284.246798,5.001152503,16.28747375,1.694773542,18.39697287,19.71796665,2.951326646,0.204397326,57.6288251,SA
R2,33.095545,67.07178902,1.102609297,1009.232723,5.002483454,15.96015138,1.172240583,19.4151315,20.8360132,2.845730832,0.213987086,41.30797826,SA
R3,36.30959221,45.59869935,1.384226302,981.4711163,3.993397514,17.01833793,0.767376079,31.40445691,17.34446353,2.772272434,0.432885555,27.90482684,SA
R1,34.48674148,54.55290238,1.153037875,1284.243941,4.994202355,16.29256397,1.705847323,18.38741607,19.72411263,2.970625524,0.211286972,57.6382637,SA
R3,36.29592079,45.59970102,1.387992361,981.4808727,3.996318552,16.99604437,0.767292185,31.40484037,17.32354116,2.735576094,0.443096828,27.91074438,SA
R3,36.29775329,45.59165157,1.370732572,981.4683589,3.986759058,17.00914278,0.769082552,31.38935898,17.33762591,2.751260848,0.438186125,27.91291222,SA
R2,33.10333882,67.06558207,1.090475395,1009.22024,5.010474999,15.96329438,1.168064917,19.38488574,20.8308597,2.85394387,0.220087425,41.30159024,SA
R3,36.30460761,45.60844387,1.370050904,981.4640937,4.005307916,17.01502503,0.77330622,31.39563723,17.32844123,2.770037309,0.416766923,27.89477696,SA
R1,34.49932898,54.5330143,1.137269558,1284.240238,4.989496054,16.26986468,1.714114722,18.39669792,19.72596723,2.960068117,0.220466022,57.6421102,SA
R1,34.49641914,54.54560725,1.145801242,1284.257361,4.999650586,16.26991528,1.715207386,18.39100181,19.72787918,2.961947152,0.211567814,57.64454571,SA
R1,34.4905391,54.56917606,1.138675497,1284.247156,4.976833885,16.2760135,1.71696213,18.40320635,19.7483796,2.959140651,0.20354031,57.62000519,SA
R1,34.50979237,54.56216834,1.162334931,1284.235362,4.991398818,16.27431361,1.718022021,18.38886559,19.73011466,2.964734956,0.202088316,57.62957764,SA
R2,33.1083679,67.06414274,1.118293838,1009.229137,4.984203383,15.9522864,1.18358407,19.4019902,20.82935482,2.846851138,0.205910791,41.30112381,SA
R2,33.08366184,67.06610986,1.117604621,1009.238443,5.007516726,15.96707379,1.164349735,19.40367831,20.85862019,2.830035206,0.213730526,41.29640522,SA
R3,36.30008538,45.61432327,1.353953478,981.4595066,3.997692148,16.98981675,0.767906644,31.40184401,17.33335406,2.748885968,0.418892089,27.91786034,SA
R3,36.29536561,45.61198538,1.345573902,981.4693758,3.99224074,17.01278925,0.780096556,31.40692837,17.32045549,2.770919379,0.427904412,27.91638912,SA
R2,33.09201741,67.06231304,1.117266082,1009.224803,5.000536745,15.96349898,1.177505026,19.38771516,20.84328194,2.845673134,0.22847436,41.3043448,SA
R1,34.49143902,54.56148108,1.14369173,1284.244057,4.996941291,16.27072879,1.704089452,18.40188152,19.71613767,2.943934384,0.205328624,57.63871436,SA
R2,33.11251817,67.08057189,1.107880483,1009.233445,5.006501198,15.97362859,1.172969238,19.39753065,20.84459684,2.845747263,0.217210121,41.29513966,SA
R3,36.29892131,45.58983629,1.360141231,981.4458054,4.0138208,16.99351191,0.772305849,31.393451,17.33436283,2.766089683,0.414826031,27.90259932,SA
R2,33.10394496,67.07324033,1.107339244,1009.223545,4.991113586,15.96053073,1.172581765,19.4002718,20.82187783,2.833652982,0.224593542,41.29904643,SA
R2,33.1072537,67.05719815,1.102675996,1009.211273,5.000356221,15.97499431,1.183861449,19.43437045,20.85171025,2.84007095,0.196993764,41.30351958,SA
R1,34.49822874,54.56682422,1.150359313,1284.24456,4.995841288,16.27648717,1.704651553,18.39889679,19.72004378,2.950623509,0.212135837,57.62452574,SA
R1,34.50129332,54.55036692,1.14302743,1284.235741,4.978274659,16.26333114,1.700836191,18.39570646,19.7270566,2.970784123,0.222566114,57.6320076,SA
R3,36.31590775,45.60019588,1.371775478,981.4857545,3.999712537,17.01101259,0.778140477,31.40783127,17.31021619,2.767535131,0.428759003,27.92741397,SA
R2,33.08399653,67.07177711,1.122494222,1009.219962,4.997961135,15.96278889,1.182385195,19.39728367,20.83451052,2.845519213,0.226888083,41.29444942,SA
R1,34.48914549,54.55794544,1.165404772,1284.225115,4.981949741,16.28445525,1.707230869,18.39147786,19.72127168,2.960524399,0.209346667,57.63569118,SA
R2,33.10960047,67.06575295,1.108467641,1009.209985,4.994798276,15.95345378,1.191777689,19.40387691,20.83490805,2.841591777,0.220779548,41.29732632,SA
R3,36.30289951,45.59302779,1.350838543,981.459536,4.002721798,17.01235079,0.769202791,31.39575135,17.32974887,2.775875159,0.420916792,27.90344714,SA
R2,33.08367637,67.07155251,1.100545105,1009.238529,4.997131155,15.96219733,1.178599776,19.4091402,20.85821059,2.857818682,0.222214476,41.30740874,SA
R1,34.50629307,54.54652601,1.141786887,1284.24778,4.996479541,16.26879789,1.710909472,18.40647575,19.72575611,2.961901025,0.2006882,57.62966728,SA
R2,33.09227247,67.0746876,1.122002034,1009.218815,5.01305449,15.98178418,1.173736071,19.40336459,20.84543079,2.843506222,0.202248568,41.31337993,SA
R3,36.27915549,45.60129974,1.370744302,981.4718995,3.997752438,16.98615831,0.791209986,31.40832136,17.34284508,2.778177236,0.400835797,27.89124909,SA
R2,33.09112291,67.07874918,1.092695738,1009.210868,4.994946468,15.95154306,1.166459687,19.39820819,20.81701307,2.829302263,0.21724179,41.3017064,SA
R1,34.49817114,54.56026922,1.172593618,1284.255065,5.011048732,16.26571161,1.693962101,18.40063561,19.7397717,2.960999141,0.22430413,57.62181167,SA
R2,33.10857397,67.06963249,1.089368349,1009.218624,5.002831548,15.97121373,1.150079559,19.41828389,20.83109055,2.836505898,0.226409175,41.28931264,SA
R1,34.51395091,54.55879141,1.121127973,1284.228658,4.994828753,16.27711323,1.712915108,18.38725397,19.73737064,2.95547438,0.216735016,57.62845352,SA
R3,36.29968729,45.61288318,1.366182426,981.4557445,3.97745541,17.00166988,0.761101478,31.41697072,17.35058965,2.764050687,0.403573212,27.91253169,SA
R2,33.10011813,67.06676034,1.092934385,1009.219527,4.992313522,15.95924769,1.171699836,19.40638253,20.85131332,2.839628331,0.217592211,41.31102512,SA
R1,34.49881487,54.54506898,1.163955138,1284.235593,5.007235167,16.28170464,1.710436856,18.40009108,19.72945937,2.949397664,0.2015261,57.63701768,SA
R3,36.29318174,45.60922208,1.351312227,981.4684269,3.993775056,16.99787924,0.764243329,31.39923956,17.34672587,2.757174226,0.437832614,27.90599061,SA
R2,33.10534326,67.0457713,1.108531236,1009.217031,5.007974031,15.9559504,1.179279394,19.38831009,20.84851131,2.852528166,0.196232591,41.28332485,SA
R3,36.29838406,45.6014851,1.365890879,981.4603233,4.005259696,16.99041672,0.76087721,31.38626916,17.352777,2.754431678,0.427767988,27.93769666,SA
R1,34.5074523,54.56774859,1.151782641,1284.217286,4.988259161,16.29562486,1.719161467,18.4161064,19.7299458,2.969043997,0.20292523,57.63384259,SA
R3,36.29612538,45.59482653,1.361255763,981.4609791,3.982281367,16.99743329,0.777436656,31.40367383,17.33226128,2.765124607,0.446429544,27.90518034,SA
R2,33.09868023,67.06139269,1.091081183,1009.218603,4.999056912,15.95541514,1.174352956,19.39268384,20.81500438,2.845250136,0.216976787,41.28860823,SA
R1,34.51678412,54.58147294,1.167430371,1284.229059,5.006032941,16.27170223,1.703850593,18.4060036,19.73809252,2.955318156,0.227795926,57.61669745,SA
R3,36.30322117,45.59160526,1.36435336,981.4785878,4.002125563,16.99854347,0.798736597,31.40746263,17.34245628,2.766222381,0.4190436,27.92516401,SA
R2,33.11115741,67.06571498,1.095691984,1009.211631,5.015092849,15.9545003,1.181772962,19.42697924,20.82040004,2.864477195,0.228090664,41.30691182,SA
R1,34.50663309,54.56051918,1.144665426,1284.23831,4.994453121,16.28430218,1.69472706,18.42955067,19.74198929,2.96934627,0.212460046,57.61945788,SA
R2,33.09383614,67.06766567,1.110855727,1009.226434,5.001085779,15.97437078,1.177109947,19.41317303,20.86103466,2.847342753,0.229882362,41.30784511,SA
R1,34.49681168,54.55469927,1.138119556,1284.243431,4.998234662,16.27786556,1.714295462,18.40924393,19.71489284,2.960909779,0.221324407,57.64858726,SA
R1,34.51770832,54.56770092,1.152076857,1284.233145,5.016122929,16.29552849,1.706330506,18.40960282,19.72732849,2.957474393,0.211942534,57.63273226,SA
R1,34.49283333,54.57865156,1.153601227,1284.245239,4.989438338,16.27310966,1.709153894,18.40842225,19.72646403,2.940423445,0.230278851,57.64643352,SA
R3,36.28038324,45.59081617,1.376479893,981.481612,4.012730564,17.00678638,0.753930757,31.40345328,17.33400309,2.76456918,0.430626485,27.90273376,SA
R2,33.10381288,67.06578239,1.119944885,1009.244954,5.012782186,15.96231839,1.176341611,19.39256067,20.85140387,2.843999764,0.220172595,41.30255032,SA
R1,34.51390723,54.57048728,1.15480233,1284.237049,4.988637943,16.29009141,1.706304639,18.40317791,19.72202536,2.947256196,0.202942997,57.62049098,SA
R3,36.2993891,45.59384548,1.359580997,981.4622372,4.016493694,17.00897658,0.773479247,31.40699186,17.32838243,2.751309169,0.434157721,27.9259833,SA
R1,34.50070682,54.55724608,1.153385793,1284.222362,4.997721637,16.26866046,1.709027197,18.41647576,19.74135056,2.951130555,0.229587486,57.62390054,SA
R1,34.49393073,54.55792723,1.166200688,1284.242625,5.022869723,16.25554935,1.716036652,18.40359365,19.73214882,2.950968326,0.210937548,57.62825913,SA
R3,36.29008142,45.61088656,1.36883192,981.4567847,4.00351574,17.00626078,0.765774839,31.39708328,17.32942327,2.75456945,0.433987784,27.91257868,SA
R2,33.11225556,67.06878867,1.112986869,1009.233385,5.002086926,15.97395305,1.180146777,19.40831027,20.8316131,2.833697958,0.224848847,41.30876869,SA
R3,36.30026449,45.59354663,1.370722969,981.4779284,3.98919423,16.98912488,0.773565386,31.42679334,17.34054327,2.761097559,0.430997289,27.91834974,SA
R3,36.30053283,45.59206994,1.370778367,981.4762558,3.991413462,16.99661407,0.782433566,31.40156976,17.32217435,2.768590629,0.44149122,27.92187546,SA
R3,36.3012177,45.60754619,1.372278276,981.4695427,4.006688573,16.99501134,0.780046521,31.38774105,17.32751697,2.767393128,0.437895003,27.92712318,SA
R1,34.49659916,54.57318388,1.139143576,1284.217935,4.980705198,16.27038277,1.699155021,18.40122211,19.73011965,2.95831457,0.213032407,57.64274562,SA
R1,34.49137695,54.57374655,1.166806498,1284.228065,5.002046127,16.28755971,1.693143649,18.40591646,19.73830281,2.944979696,0.221743047,57.62767745,SA
R1,34.5005386,54.55893665,1.160450472,1284.246692,4.987654802,16.28953825,1.684760144,18.39073279,19.74453644,2.949206688,0.216045344,57.65300584,SA
R3,36.30141685,45.61532284,1.356626699,981.468353,4.007586844,16.99362352,0.780628305,31.41530264,17.31621187,2.772249254,0.429698204,27.90834312,SA
R1,34.48652496,54.56914199,1.161712364,1284.239497,4.996652779,16.27919084,1.687061547,18.40324937,19.73231014,2.936101892,0.20612042,57.64143148,SA
R2,33.11078488,67.06873989,1.113119166,1009.241103,4.978888142,15.95381462,1.189011018,19.39957193,20.82620081,2.846075926,0.213529045,41.30092928,SA
R2,33.09911042,67.05951948,1.10534982,1009.210307,5.00250689,15.95974631,1.181712906,19.41216291,20.8293041,2.845229452,0.21361481,41.30004462,SA
R1,34.49804313,54.53804415,1.165271713,1284.23556,5.007629836,16.27406873,1.721298443,18.39329613,19.74330344,2.957292281,0.203458495,57.62837322,SA
R2,33.1033674,67.06096822,1.103995101,1009.228991,4.994818044,15.96766983,1.155112169,19.39194776,20.8577813,2.868895048,0.216519875,41.31946139,SA
R1,34.52340729,54.5616859,1.156048468,1284.232906,5.007913363,16.27678175,1.711419384,18.39400081,19.72931022,2.953008712,0.218032154,57.64679815,SA
R2,33.11574929,67.05541889,1.103442955,1009.229683,5.001567848,15.95597066,1.187130753,19.3892633,20.84447547,2.844266139,0.226740122,41.29812337,SA
R3,36.31327712,45.59835398,1.391571028,981.4798058,4.007778988,16.99937334,0.786906281,31.40338501,17.32680085,2.762553892,0.426546427,27.92836111,SA
R1,34.48972737,54.55069804,1.15629618,1284.210971,5.005060714,16.2842857,1.705144732,18.42293764,19.73449964,2.954924283,0.213888373,57.63433526,SA
R3,36.30050293,45.58245463,1.373007336,981.4555918,3.998572691,17.01575771,0.758029956,31.39535554,17.32646615,2.750206705,0.44207885,27.90459182,SA
R2,33.0963884,67.08474274,1.105176837,1009.226414,4.996881574,15.95446714,1.177817346,19.38922144,20.83653316,2.826699406,0.217295778,41.30046738,SA
R3,36.30662816,45.61234273,1.357632016,981.4612039,3.997103462,17.01118814,0.766035733,31.41075795,17.3353383,2.784853365,0.444138678,27.90543986,SA
R3,36.30138136,45.59914597,1.356614324,981.4516716,4.011097163,17.00017763,0.764954138,31.40173736,17.3277427,2.739595021,0.418441903,27.90307579,SA
R1,34.4990558,54.5371056,1.166884765,1284.233291,5.012480489,16.28045257,1.704829561,18.39113473,19.742185,2.951361758,0.213359956,57.62942678,SA
R2,33.10329438,67.0699981,1.114119062,1009.227802,5.006123058,15.95698427,1.187648981,19.39267541,20.82534305,2.857875595,0.200952932,41.30158636,SA
R3,36.30172185,45.59093945,1.384994867,981.472228,3.997717174,17.00506432,0.786835207,31.3978755,17.33139057,2.762684268,0.433345401,27.89670509,SA
R3,36.30768529,45.6028989,1.356106393,981.4648511,3.994234591,16.97206253,0.767442469,31.38553317,17.33918043,2.750469091,0.420760528,27.92537047,SA
R3,36.31711266,45.57782179,1.367776477,981.4765595,3.996894492,16.99532282,0.766208965,31.40737897,17.3306848,2.74790488,0.438234134,27.91801055,SA
R3,36.29108356,45.60603859,1.362422143,981.4796153,4.005521883,17.00308479,0.760385096,31.39177981,17.33262388,2.746382919,0.412853459,27.92921071,SA
R2,33.09584944,67.07241169,1.092156975,1009.238953,5.003240938,15.97699923,1.175616373,19.4023582,20.84206097,2.850162587,0.22044998,41.31131235,SA
R3,36.31076989,45.60169518,1.365330616,981.4811472,3.995906861,17.00620904,0.774886419,31.3968604,17.33733927,2.767933953,0.40410878,27.91796209,SA
R1,34.50868214,54.56984099,1.171169408,1284.234534,4.992929012,16.27109391,1.71975934,18.39597664,19.74028324,2.960773642,0.212207391,57.6382681,SA
R2,33.09477712,67.05333377,1.104901748,1009.227639,4.98526421,15.9606183,1.167992281,19.38452908,20.84743491,2.828458561,0.227269233,41.29553699,SA
R2,33.10362791,67.06773998,1.095804326,1009.211025,4.986170668,15.95272929,1.182782638,19.41178252,20.83546134,2.847442447,0.218903318,41.31730229,SA
R1,34.50253993,54.54716236,1.154051463,1284.249048,4.998183719,16.27332449,1.687813296,18.41305992,19.72037478,2.960968526,0.210982589,57.63645355,SA
R3,36.28139815,45.58738309,1.375954092,981.4678873,3.978521906,16.99807708,0.773902282,31.4030517,17.33588459,2.772169068,0.430096359,27.91739004,SA
R2,33.09773219,67.07435409,1.133191393,1009.229573,5.005984568,15.95831432,1.189197081,19.38061169,20.84215706,2.845570403,0.204102562,41.29787172,SA
R2,33.10196823,67.07408591,1.08782381,1009.234262,5.001811926,15.95440516,1.153475651,19.40471171,20.83387448,2.843722621,0.229405637,41.31292195,SA
R3,36.2959928,45.60063016,1.337621137,981.4714888,4.005674211,17.01092448,0.758115736,31.4121948,17.31435421,2.778188388,0.453682791,27.91118958,SA
R3,36.30121017,45.60390467,1.35424819,981.4673726,4.000248788,17.00269275,0.782694735,31.41637032,17.32027418,2.771654725,0.437226409,27.92390172,SA
R1,34.50329993,54.54989343,1.163009178,1284.234062,5.002577717,16.27898801,1.699610622,18.4003939,19.72068529,2.968317141,0.196938508,57.64397518,SA
R3,36.28505479,45.6110899,1.362300866,981.4732389,4.009611755,16.9979451,0.781572326,31.39763327,17.34899378,2.763414133,0.428745169,27.91428925,SA
R1,34.48754282,54.57581793,1.150474167,1284.224551,5.011536694,16.27148758,1.694684321,18.39463021,19.71674745,2.965623007,0.198558358,57.62414178,SA
R1,34.5034016,54.56737676,1.152254587,1284.240641,4.989699663,16.28474745,1.723020201,18.41214136,19.75175421,2.968258056,0.211240491,57.63475267,SA
R1,34.50540346,54.53618574,1.16640436,1284.237358,4.989861854,16.28825564,1.699377247,18.38417392,19.73182166,2.959753707,0.198358224,57.63021586,SA
R1,34.49482161,54.54978023,1.148308821,1284.24906,4.996661626,16.27443349,1.702138735,18.41578763,19.73954873,2.95201415,0.213089946,57.61626552,SA
R2,33.1041594,67.05931745,1.108451834,1009.234961,5.003209416,15.97238763,1.157369411,19.40215084,20.84337362,2.844253408,0.207938118,41.29386433,SA
R3,36.3060494,45.58953891,1.360043215,981.4579153,4.006083558,17.00205619,0.764282588,31.39474641,17.32989719,2.762000923,0.414589574,27.90339477,SA
R3,36.30390662,45.59932375,1.378291219,981.4785723,4.003305128,16.98907251,0.747214883,31.42009484,17.33336215,2.765006685,0.417498066,27.9091022,SA
R3,36.29360512,45.60651334,1.382851402,981.4663219,3.993999013,16.99843447,0.759025669,31.40634144,17.33392568,2.753065733,0.432395596,27.92186515,SA
R3,36.3027358,45.59200418,1.376274661,981.4691275,3.993083219,17.01392732,0.779604754,31.39292853,17.33593232,2.779960559,0.420969779,27.9103916,SA
R2,33.10740751,67.05967134,1.099158705,1009.211748,4.991825356,15.96270477,1.165919555,19.3965093,20.84018449,2.851002854,0.202544968,41.30485144,SA
R1,34.5013634,54.54709837,1.153340735,1284.239786,4.998192683,16.28426652,1.708647461,18.4141419,19.73925227,2.971315653,0.202968832,57.61518225,SA
R2,33.10366192,67.07783061,1.117187293,1009.224635,5.010808965,15.96174598,1.167309979,19.39488317,20.83703103,2.842183867,0.207245526,41.30637048,SA
R2,33.10205691,67.07907091,1.098801319,1009.212989,4.99919824,15.97319787,1.198085439,19.41356341,20.85555119,2.855776313,0.204456347,41.29022248,SA
R1,34.48386615,54.57545935,1.150379157,1284.241343,4.992326691,16.26617793,1.732466688,18.4012724,19.72395846,2.985872454,0.202309605,57.62528718,SA
R3,36.29883592,45.61285368,1.363469699,981.4449671,3.99968679,16.97945826,0.772295419,31.40360594,17.34155299,2.750778399,0.429527064,27.9066763,SA
R3,36.32323041,45.58619473,1.358555095,981.4652722,3.995337451,16.98669007,0.762860065,31.40253111,17.35043014,2.770812765,0.426129464,27.90815826,SA
R2,33.09149267,67.0747633,1.112915107,1009.232693,4.978171094,15.96170991,1.160672986,19.41171157,20.84633363,2.843551227,0.218861289,41.30858868,SA
R2,33.09082771,67.05217947,1.128770973,1009.204083,5.015982421,15.97328693,1.166863849,19.40836157,20.84262893,2.854709832,0.202402641,41.28659749,SA
R2,33.11918157,67.06537579,1.108588,1009.231557,5.025558116,15.96070167,1.175997985,19.41391133,20.83702095,2.8323596,0.2276242,41.30191316,SA
R1,34.50601764,54.5788046,1.147830389,1284.247163,4.993269371,16.30114321,1.705031625,18.40080715,19.73491824,2.966384291,0.208802321,57.63890467,SA
R3,36.29887679,45.60607535,1.370959721,981.4770348,3.997956848,16.99565332,0.770633044,31.41780387,17.33060959,2.756142715,0.414769612,27.90443468,SA
R1,34.49281192,54.55236009,1.159714452,1284.221055,5.015280951,16.27918875,1.702879959,18.39645287,19.74289809,2.950224643,0.213654077,57.64636645,SA
R2,33.09654076,67.07029909,1.104267512,1009.213931,5.007326804,15.96681509,1.191176944,19.38925491,20.83311511,2.843999326,0.213733412,41.28350699,SA
R2,33.10651761,67.07071012,1.097121788,1009.231748,4.99780098,15.9641177,1.181230031,19.39796272,20.83062155,2.842642108,0.21494608,41.298392,SA
R3,36.30894561,45.60909833,1.347506233,981.4570818,3.996750801,17.00676268,0.759881836,31.41439699,17.33821083,2.767886677,0.426072341,27.92053445,SA
R3,36.30546026,45.60830242,1.356604375,981.4579443,4.005959657,16.97298748,0.769465595,31.3953221,17.34540548,2.761700762,0.438986573,27.91473673,SA
R3,36.30197826,45.58524142,1.383415242,981.4679385,3.999090365,17.0023808,0.774145515,31.40712899,17.3431965,2.756782537,0.422298024,27.92408194,SA
R3,36.29586163,45.5914499,1.357868011,981.4708307,4.008087865,17.00289277,0.779749037,31.39471983,17.32908306,2.758680111,0.416043019,27.91792167,SA
R1,34.50127255,54.56484549,1.166906669,1284.232936,4.999273573,16.26467906,1.68830161,18.41015521,19.74290149,2.94106545,0.226619254,57.65484427,SA
R1,34.47835971,54.56349722,1.158506665,1284.231675,4.992643442,16.27225383,1.701855532,18.4105312,19.74804669,2.953202903,0.19611888,57.63315377,SA
R3,36.31717929,45.61136791,1.350908591,981.4857666,3.997469594,16.98365389,0.767707666,31.39704662,17.34467456,2.762159573,0.427757363,27.91204214,SA
R3,36.28448341,45.61593329,1.365672505,981.4713306,4.020207313,16.98319238,0.77992798,31.38885326,17.3228511,2.773241507,0.435110361,27.91253183,SA
R1,34.50137974,54.55037673,1.151093336,1284.237812,5.00791656,16.28454089,1.706692768,18.40278761,19.72865584,2.97256845,0.200411375,57.62914593,SA
R1,34.50555439,54.56273016,1.165275571,1284.210735,4.997010329,16.28835696,1.70729285,18.40302424,19.74276968,2.962010628,0.238308404,57.65112688,SA
R1,34.48493961,54.57433558,1.135772342,1284.222096,5.008523082,16.2787295,1.714271385,18.40778205,19.72679429,2.958839004,0.221425699,57.64269523,SA
R1,34.49236126,54.56704685,1.157538593,1284.250073,4.994754703,16.26195907,1.696171179,18.41593693,19.73837887,2.945054309,0.195784695,57.63342429,SA
R2,33.10253233,67.07697003,1.112941725,1009.214114,4.995067978,15.96005356,1.185257591,19.37995432,20.82363382,2.85985242,0.210876905,41.30942492,SA
R2,33.10478445,67.04385501,1.110811856,1009.234394,5.029713028,15.96898647,1.178781355,19.39340023,20.85640694,2.851977705,0.196014607,41.29766478,SA
R3,36.29200889,45.6109403,1.378862245,981.455182,4.008739702,16.99778536,0.753794081,31.41013153,17.33370451,2.764454138,0.431683696,27.90951091,SA
R1,34.50691586,54.55111759,1.156776026,1284.230631,5.002520933,16.27612489,1.696474943,18.4040257,19.7317408,2.957533926,0.212732715,57.6412229,SA
R3,36.29960452,45.60495648,1.368634514,981.4698334,3.990338707,17.00428258,0.790210098,31.4185717,17.33084023,2.755581193,0.439855087,27.92318155,SA
R1,34.50564854,54.55521315,1.16639527,1284.236921,5.006588655,16.29622678,1.711443089,18.41665753,19.73417262,2.960134308,0.214618593,57.64579212,SA
R1,34.50129303,54.57341826,1.15094276,1284.242177,5.013775069,16.28123503,1.711947024,18.41980879,19.73876586,2.957557469,0.217894526,57.6534459,SA
R1,34.48247896,54.56076471,1.142624687,1284.239239,5.004232352,16.28499617,1.71236957,18.40633502,19.74106141,2.976766664,0.219750792,57.62713012,SA
R2,33.0979847,67.07373187,1.09967109,1009.219982,5.008899135,15.9374918,1.185869925,19.39280911,20.84393555,2.839886749,0.222800209,41.30105746,SA
R1,34.51878139,54.55587172,1.153334791,1284.247262,4.992651361,16.28181517,1.7013634,18.40029898,19.74195823,2.962414611,0.22197258,57.64102943,SA
R2,33.11767214,67.04301108,1.115361086,1009.211477,4.99724971,15.95544073,1.178488813,19.40913563,20.84080525,2.852971844,0.218724344,41.30642913,SA
R1,34.50619305,54.57713446,1.138790071,1284.243991,4.985795682,16.28423765,1.700728764,18.38318403,19.73821868,2.964032518,0.207991921,57.64408077,SA
R3,36.30392691,45.59370926,1.372006988,981.4568089,4.008127033,16.99047079,0.771493606,31.40840343,17.31285466,2.756994432,0.420630438,27.92103805,SA
R2,33.08386654,67.05442546,1.104881449,1009.216668,5.000729841,15.95136723,1.180534979,19.38931241,20.85054694,2.854110057,0.220606573,41.29352428,SA
R2,33.09151242,67.06968963,1.13069608,1009.2293,4.989993586,15.95420346,1.175073461,19.39889407,20.84034278,2.850436972,0.211466443,41.29862505,SA
R1,34.49380802,54.57012234,1.150620027,1284.245481,5.004092368,16.28775883,1.709627014,18.38953808,19.72684206,2.947646228,0.216430053,57.63417763,SA
R2,33.10658507,67.07347935,1.109407339,1009.234398,5.004184549,15.96316024,1.186569217,19.39908583,20.84485274,2.832849265,0.224674949,41.29459243,SA
